lesson,segment,timestamp,source,tw content A,tw content A-accuracy,tw content A-naturalness,Notes
1.0,1.0,"00:00:07,200 --> 00:00:09,360","Hello everyone, and a big welcome to Prep.",大家好！歡迎來到 Prep。,70.0,90.0,Big is not translated
1.0,2.0,"00:00:09,800 --> 00:00:12,280",I'm so glad you're here for our basic grammar course.,很高興大家來參加我們的 basic grammar course。,90.0,90.0,Very good
1.0,3.0,"00:00:12,760 --> 00:00:16,120",This is where we're going to build the very foundation you'll need to really,這裡是我們將建立您真正需要的非常基礎的地方,70.0,45.0,This translation is not readable. 
1.0,4.0,"00:00:16,186 --> 00:00:18,360",conquer and master the English language.,征服並掌握英語。,90.0,70.0,"征服 is improper here, and may be replaced with 攻克 only for the purpose of smooth collocation."
1.0,5.0,"00:00:18,880 --> 00:00:22,480","We've got quite a journey ahead of us, and I truly believe that getting to know",我們前方有一段相當漫長的旅程，而我真心相信，透過了解,75.0,50.0,Segment 6 and 7 have some repeated parts of translation (getting to know)
1.0,6.0,"00:00:22,546 --> 00:00:26,840",each other a bit better will make this whole process smoother and more effective.,對彼此有更深入的了解，將使整個過程更加順暢且有效。,75.0,50.0,Split sentence leads to poor readability
1.0,7.0,"00:00:28,440 --> 00:00:32,720","So in this very first video, let's take a little time to do a couple of things.",所以在這支最一開始的影片中，我們花一點時間來做幾件事。,85.0,75.0,Readability is relatively acceptable
1.0,8.0,"00:00:33,080 --> 00:00:36,574","I'll walk you through the goals, the content, and the overall approach",我將引導您了解目標、內容，以及整體的學習方式。,80.0,80.0,"The source meaning can almost be reflected. 
The readability is relatively good 
"
1.0,9.0,"00:00:36,640 --> 00:00:38,340",we'll be taking in this course.,我們將在這個 course 中學習。,60.0,80.0,"我們將在這個 course 中學習 is excessive and should be deleted. 
Segment 9 and 10 shall be combined and translated into: 我將帶大家了解本課程的目標、內容，以及我們將採用的整體教學方法。"
1.0,10.0,"00:00:38,440 --> 00:00:42,214","My hope is that by the end of the session, you'll have a really clear picture of what",我希望在本課程結束時，您能對以下內容有非常清晰的認識：,55.0,80.0,"Segment 11,12 and 13 shall be combined and translated into Chinese as a whole"
1.0,11.0,"00:00:42,280 --> 00:00:45,280","lies ahead, and you'll feel comfortable with the team that's here to support",前方還有許多事情等著您，您將能與前來提供支持的團隊相處得十分融洽。,55.0,80.0,"Segment 11,12 and 13 shall be combined and translated into Chinese as a whole"
1.0,12.0,"00:00:45,346 --> 00:00:47,480",you every step of the way. Sound good?,我們將全程為您提供支援。這樣可以嗎？,55.0,80.0,The complete translation may be:我希望在課程結束時，大家能對接下來的學習內容有非常清晰的了解，並對這個將在每個階段支持各位的團隊感到安心。聽起來不錯吧？
1.0,13.0,"00:00:47,760 --> 00:00:48,920","All right, let's dive in.",好的，我們開始吧。,90.0,90.0,Translation is very good
1.0,14.0,"00:00:52,880 --> 00:00:57,040",So this Basic Grammar course is a key part of Prep's foundational series.,因此，Basic Grammar 課程是 Prep 基礎系列的重要組成部分。,80.0,83.0,The readability is relatively good. Basic Grammar should be translated
1.0,15.0,"00:00:57,480 --> 00:01:01,414","We've also got Basic Vocabulary, and together, these courses are designed",我們也提供 Basic Vocabulary 課程，這些課程是共同設計的,40.0,80.0,"Segment 16,17 and 18 shall be combined and translated into Chinese as a whole
 "
1.0,18.0,"00:01:11,640 --> 00:01:15,094","truly understand, and confidently use some of the most common parts",真正理解，並自信地使用一些最常見的用法,40.0,80.0,"However, there seems to be some missing words between ""designed"" and ""truly"" in souce text"
1.0,19.0,"00:01:15,160 --> 00:01:16,080",of speech in English.,English 的詞性。,40.0,70.0,The complete translate may be:我們還開設了「基礎詞彙」課程，這兩門課程旨在幫助您真正理解並自信地運用英語中最常見的詞性
1.0,20.0,"00:01:17,600 --> 00:01:21,040","Get you completely comfortable with basic English sentence structure,",讓你完全熟悉基本的英文句子結構，,70.0,80.0,"Segment 19,20 and 21 shall be combined and translated into chinese as a whole
 "
1.0,21.0,"00:01:21,240 --> 00:01:24,014","how sentences are put together, and the different types",句子的組成方式，以及不同的句型,70.0,80.0,"Segment 19,20 and 21 shall be combined and translated into chinese as a whole
 "
1.0,22.0,"00:01:24,080 --> 00:01:25,440",of sentences you'll encounter.,你將會遇到的 sentences。,70.0,65.0,The complete translate may be:讓你完全熟悉基本的英語句子結構、句子的組成方式，以及你將會遇到的各種句型。
1.0,23.0,"00:01:26,360 --> 00:01:29,800","Help you master the simple tenses, past, present, and future.",幫助您掌握簡單時態，包括過去式、現在式和未來式。,90.0,90.0,Very good
1.0,24.0,"00:01:30,200 --> 00:01:31,680",We'll really nail those down.,我們會確實掌握這些。,60.0,80.0,"Here, ""those"" should be translated into a Chinese noun for easy understanding and good readability such as:這些知識點"
1.0,25.0,"00:01:32,160 --> 00:01:35,600","And finally, get you started with creating your own basic sentences",最後，幫助您開始建立您自己的 basic sentences,50.0,80.0,Segment 24 and 25 shall be combined and translated into Chinese as a whole
1.0,26.0,"00:01:35,920 --> 00:01:37,360",that are grammatically correct.,在文法上是正確的。,50.0,80.0,The translation may be:最後，引導你開始撰寫語法正確的基本句子。
1.0,27.0,"00:01:39,800 --> 00:01:43,334","The course is structured into six main lessons, and each one focuses",本課程分為六個主要單元，每個單元都著重於,90.0,86.0,Translation is  good even though it is split
1.0,28.0,"00:01:43,400 --> 00:01:44,760",on a core grammar topic.,核心文法主題。,90.0,86.0,Translation is  good even though it is split
1.0,29.0,"00:01:45,160 --> 00:01:49,240","Within each lesson, you'll find 2-4 smaller lessons or sections.",在每個課程中，你會找到 2 到 4 個較小的課程或章節。,88.0,73.0,"Meaning is accurate, but it has heavy translationese feeling"
1.0,30.0,"00:01:50,000 --> 00:01:54,334","That adds up to 23 lessons in total, and each one is carefully designed",總計共有 23 個課程，每個課程都經過精心設計。,80.0,60.0,"Segment 29,30 and 31 shall be combined and translated into Chinese as a whole
 "
1.0,31.0,"00:01:54,400 --> 00:01:58,880","to cover the three crucial aspects of any grammar point: how it's used,",涵蓋任何 grammar point 的三個關鍵面向：其用法，,80.0,60.0,"Here, grammar point, nouns,verbs are translatable for easy understanding "
1.0,32.0,"00:01:59,080 --> 00:02:00,960","its form, and what it means.",其形式及其含義。,80.0,60.0,The complete translation may be:總計共 23 節課，每個課程經過精心設計，涵蓋任何文法要點的三大關鍵點：用法、組成結構與涵義。
1.0,33.0,"00:02:03,000 --> 00:02:06,800","So throughout this course, we'll be exploring, nouns, verbs,",因此，在本課程中，我們將探索 nouns、verbs，,70.0,60.0,"Here, nouns,verbs,adjectives,adverbs,pronouns and prepositions should be translated for the sake of easy understanding by native Chinese"
1.0,34.0,"00:02:07,240 --> 00:02:11,334","adjectives and adverbs, pronouns, prepositions, and of course,",adjectives、adverbs、pronouns、prepositions，當然還有，,70.0,60.0,"Segment 32,33, and 34 shall be combined and translated into Chinese as a whole
 "
1.0,35.0,"00:02:11,400 --> 00:02:12,680",basic sentence structure.,基本句子結構。,70.0,60.0,The translation may be:因此，在本課程中，我們將學習名詞、動詞、形容詞與副詞、代名詞、介系詞，當然還有基礎句型結構。
1.0,36.0,"00:02:13,200 --> 00:02:14,960","Now, I want to be upfront about something.",現在，我想就某件事坦白說明。,85.0,70.0,Readability is relatively acceptable
1.0,37.0,"00:02:15,480 --> 00:02:18,920",This course isn't meant to cover every single detail of English grammar.,本課程並非旨在涵蓋 English grammar 的所有細節。,70.0,60.0,Having heavy Chinese-y tone. 
1.0,38.0,"00:02:19,480 --> 00:02:23,160",There are some pretty complex areas that really require a strong foundation,有些領域相當複雜，確實需要扎實的基礎。,60.0,80.0,"Segment 37 and 38 shall be combined and translated into Chinese as a whole
 However these two rows of translations are easily understood and readable.
Misaligned meaning"
1.0,39.0,"00:02:23,360 --> 00:02:26,880",in pronunciation and vocabulary before you can tackle them effectively.,在發音和詞彙方面，您必須先熟悉，才能有效掌握。,60.0,80.0,The complete translation may be:有些知識相對難，必須先具備扎實的發音與詞彙基礎，才能有效掌握。
1.0,40.0,"00:02:27,320 --> 00:02:31,440",We'll save those more advanced topics for our intermediate and advanced courses.,我們會將這些較進階的主題留待中階和高階課程中討論。,80.0,80.0,Readability is relatively good
1.0,41.0,"00:02:31,520 --> 00:02:34,680",The key here is to focus on quality over quantity.,這裡的重點在於專注於品質，而非數量。,80.0,80.0,Readability is relatively good
1.0,42.0,"00:02:35,080 --> 00:02:38,094","We're going to go deep, make sure you truly understand,",我們來深入探討，確保您真正理解，,75.0,60.0,"Translation is relatively good, but has a little AI tone."
1.0,43.0,"00:02:38,160 --> 00:02:39,880",and build skills that will last.,並培養能長久持續的技能。,70.0,60.0,41 and 42 forms a complete sentence. 
1.0,44.0,"00:02:41,960 --> 00:02:44,614",You'll notice that our approach here at Prep is a little different,您會發現我們在 Prep 的教學方式有些不同。,50.0,70.0,A complete sentence combining segment 43 and 44 was split. So the translaton which is created based on one separate row of source text must be largely different from the souce. 
1.0,45.0,"00:02:44,680 --> 00:02:46,200",from traditional grammar classes.,來自傳統的語法課程。,50.0,70.0,split sentence
1.0,46.0,"00:02:46,600 --> 00:02:49,960",We're all about empowering you to become active independent learners.,我們致力於賦予您力量，讓您成為主動且獨立的學習者。,80.0,60.0,It has heavy translationese tone.
1.0,47.0,"00:02:50,360 --> 00:02:53,360",We want you to develop the skills to continue improving your English,我們希望您培養能持續提升英語能力的技能。,60.0,70.0,46 and 47 forms a complete sentence. 
1.0,48.0,"00:02:53,560 --> 00:02:55,320",even after this course is over.,即使完成本課程後。,60.0,70.0,Split sentence leads to mistranslation
1.0,49.0,"00:02:55,760 --> 00:02:59,574","So instead of just throwing a bunch of grammar rules at you, we'll be using",因此，我們不會只是把一堆 grammar rules 丟給您，而是會使用,60.0,70.0,Split sentence leads to mistranslation
1.0,51.0,"00:03:01,920 --> 00:03:06,200",Think of it as actively exploring the language with a little guidance from me.,請將這視為一種積極探索語言的過程，並會得到我的一些引導。,40.0,60.0,The translation makes no sense. 
1.0,52.0,"00:03:06,720 --> 00:03:07,760",Here's how it works.,運作方式如下。,80.0,80.0,Translation is relatively good
1.0,53.0,"00:03:08,120 --> 00:03:10,240",I won't just lecture you with a list of rules.,我不會只是列出一堆 rules 對您進行填鴨式教學。,75.0,80.0,"""Rules""  should be translated.
Translation is relatively good"
